{"train_time":1548.8713030815125,"final_train_loss":2.2520089088439943,"train_loss":2.2517344653606415,"train_acc":0.16995,"_wandb":{"runtime":1551},"final_train_acc":0.168775,"test_loss":2.2501134914398193,"optimization_metric":2.2525959510803224,"epoch":99,"_step":101,"_timestamp":1.747193244170469e+09,"final_val_loss":2.2525959510803224,"final_val_acc":0.1664,"test_acc":0.1821,"_runtime":1551.133666974}