{"final_val_loss":0.7410718771934509,"_step":101,"final_train_loss":0.5702421772003173,"test_acc":0.7822,"final_val_acc":0.751,"final_train_acc":0.7996,"_wandb":{"runtime":330},"_runtime":330.98702999,"train_loss":0.5611378386616707,"optimization_metric":0.7410718771934509,"test_loss":0.6618434287071228,"train_acc":0.805175,"_timestamp":1.7470696264575133e+09,"train_time":329.21768951416016,"epoch":99}