{"_wandb":{"runtime":8028},"_runtime":8028.057162064,"epoch":99,"train_loss":6.646910086236852,"test_perplexity":1019.5053483447406,"optimization_metric":972.5212032228367,"final_train_loss":6.637250813493768,"_step":101,"val_loss":6.879891878054756,"_timestamp":1.7471156507096765e+09,"train_perplexity":770.400173920082,"val_perplexity":972.5212032228367,"test_loss":6.927072836047577,"train_time":7989.147948026657,"final_train_perplexity":762.9944928455792}