{"final_val_loss":0.8255885865211486,"final_val_acc":0.7164,"optimization_metric":0.8255885865211486,"final_train_loss":0.734267619895935,"test_acc":0.7504,"final_train_acc":0.743625,"train_acc":0.738925,"_wandb":{"runtime":348},"test_loss":0.7334826828002929,"train_loss":0.7590592369437218,"_step":101,"epoch":99,"_runtime":348.161040423,"train_time":346.11278319358826,"_timestamp":1.747069418759974e+09}