{"final_val_loss":0.7481548237800598,"train_loss":0.5503826841711998,"final_val_acc":0.7543,"final_train_acc":0.80475,"_wandb":{"runtime":338},"test_loss":0.6775803963661193,"_timestamp":1.7470774023336697e+09,"test_acc":0.7832,"optimization_metric":0.7481548237800598,"train_time":337.03566789627075,"final_train_loss":0.5643999974250793,"_runtime":338.870120432,"_step":101,"epoch":99,"train_acc":0.806425}