{"_runtime":562.3364534,"_step":101,"train_loss":0.39572524800896647,"final_train_acc":0.777675,"epoch":99,"_timestamp":1.747267776478364e+09,"final_val_loss":0.8380104874610901,"_wandb":{"runtime":562},"test_loss":0.8579045122146607,"final_val_acc":0.7294,"test_acc":0.7358,"final_train_loss":0.6240278215408325,"train_time":560.2732167243958,"optimization_metric":0.8380104874610901,"train_acc":0.865225}