{"test_loss":0.7029788348197937,"epoch":99,"final_train_acc":0.762,"_wandb":{"runtime":357},"_step":101,"final_train_loss":0.6824943219184876,"train_time":355.49753165245056,"_timestamp":1.747066598418447e+09,"train_loss":0.7063397765159607,"final_val_loss":0.7869639511108398,"test_acc":0.7604,"final_val_acc":0.7277,"train_acc":0.7541,"optimization_metric":0.7869639511108398,"_runtime":357.334636231}