{"max_hessian_eigenvalue_post_training":114.25777435302734,"_wandb":{"runtime":152},"_runtime":152.751568223,"_step":20,"epoch":20,"training_loss":0.8628215673939347,"max_hessian_eigenvalue_at_epoch_start":121.7245864868164,"_timestamp":1.747156107432744e+09}