{"optimization_metric":1209.9120924713238,"_step":101,"final_train_loss":1369.5440292358398,"_wandb":{"runtime":548},"test_reward":-1209.9120924713238,"train_time":546.2667284011841,"epoch":99,"mean_reward":-1234.2286478574322,"train_reward":-1234.2286478574322,"_runtime":548.502754068,"_timestamp":1.7470740299307277e+09}