{"_wandb":{"runtime":1542},"final_val_acc":0.7701,"_step":101,"final_train_loss":0.5418326100349427,"final_val_loss":0.6654077557563782,"test_acc":0.7808,"train_loss":0.5132851511240005,"test_loss":0.6465423498153686,"final_train_acc":0.811,"epoch":99,"train_acc":0.822725,"_timestamp":1.7471808137245781e+09,"optimization_metric":0.6654077557563782,"train_time":1540.4638841152191,"_runtime":1542.563662272}