{"final_val_acc":0.7616,"final_train_acc":0.816025,"final_val_loss":0.7160670594215393,"_wandb":{"runtime":420},"optimization_metric":0.7160670594215393,"_step":101,"epoch":99,"train_time":419.03310108184814,"train_loss":0.549079380184412,"test_acc":0.789,"final_train_loss":0.5282286194801331,"test_loss":0.6449703289985657,"train_acc":0.80605,"_runtime":420.94768889,"_timestamp":1.7470805597500062e+09}