{"train_loss":0.5407594859600067,"_step":101,"epoch":99,"_wandb":{"runtime":339},"train_time":337.2485022544861,"test_loss":0.6245181361198425,"final_train_acc":0.817275,"final_val_loss":0.7050268312454223,"final_val_acc":0.764,"test_acc":0.7872,"_timestamp":1.7470686277919183e+09,"optimization_metric":0.7050268312454223,"_runtime":339.101414167,"train_acc":0.81145,"final_train_loss":0.5208976030349731}