{"final_train_acc":0.605875,"optimization_metric":1.138978373336792,"train_time":964.9863452911377,"epoch":99,"train_loss":1.1175279200077057,"_step":101,"_runtime":967.0785982,"test_acc":0.6196,"_wandb":{"runtime":967},"test_loss":1.0754890325546265,"train_acc":0.60495,"_timestamp":1.7470879232520354e+09,"final_train_loss":1.114218396949768,"final_val_acc":0.5948,"final_val_loss":1.138978373336792}