{"train_reward":-2.0938009175040584,"mean_reward":-2.0938009175040584,"optimization_metric":2.6574888999579054,"final_train_loss":-5.6079689264297485,"_runtime":4548.017477895,"train_time":4547.466574668884,"epoch":99,"_wandb":{"runtime":4548},"_step":101,"test_reward":-2.6574888999579054,"_timestamp":1.7470878812174206e+09}