{"final_val_loss":0.7156826293945312,"test_acc":0.7823,"final_val_acc":0.7532,"final_train_loss":0.5452430059432983,"_timestamp":1.7470697700407012e+09,"epoch":99,"test_loss":0.645778053855896,"train_acc":0.79675,"train_loss":0.5742669492959976,"_wandb":{"runtime":349},"_step":101,"optimization_metric":0.7156826293945312,"_runtime":349.360415487,"final_train_acc":0.80915,"train_time":347.5219233036041}