{"_timestamp":1.7471578249205904e+09,"_runtime":27.254216751,"_step":0,"_wandb":{"runtime":30},"epoch":0,"training_loss":6.068657296044486,"max_hessian_eigenvalue_at_epoch_start":0.14290881156921387}