{"val_loss":9.502729580396174,"test_perplexity":17261.46238954035,"_timestamp":1.7470918465252893e+09,"optimization_metric":13396.24309247956,"train_time":7956.6455335617065,"test_loss":9.756231688136367,"train_perplexity":3332.6771394082834,"epoch":99,"train_loss":8.111531205751444,"_step":101,"_runtime":7998.537737336,"_wandb":{"runtime":7998},"final_train_loss":8.566686687274508,"val_perplexity":13396.24309247956,"final_train_perplexity":5253.693790193983}