{"_step":101,"train_loss":0.06261497288942337,"final_train_acc":0.980475,"_runtime":1174.53699089,"train_acc":0.9791,"final_train_loss":0.05401262131035328,"epoch":99,"_timestamp":1.7470905843672829e+09,"test_acc":0.8987,"optimization_metric":0.4768202672481537,"train_time":1172.7119896411896,"final_val_loss":0.4768202672481537,"final_val_acc":0.8834,"_wandb":{"runtime":1174},"test_loss":0.469371778345108}