{"_runtime":330.690291423,"test_acc":0.4366,"final_val_loss":1.6442156352996826,"epoch":99,"train_time":328.6019353866577,"optimization_metric":1.6442156352996826,"train_loss":1.6265753358602524,"_step":101,"test_loss":1.5955039768218995,"final_train_acc":0.4234,"final_val_acc":0.4193,"_timestamp":1.747075337720608e+09,"train_acc":0.4233,"final_train_loss":1.6263620025634766,"_wandb":{"runtime":330}}