{"train_acc":0.981525,"_timestamp":1.7471006004196541e+09,"final_train_loss":0.03876020910143852,"test_acc":0.8962,"_runtime":573.845342819,"_wandb":{"runtime":573},"final_train_acc":0.9861,"optimization_metric":0.5009963220596313,"_step":101,"epoch":99,"test_loss":0.48693332772254944,"train_time":571.5663914680481,"train_loss":0.053279065527021885,"final_val_acc":0.887,"final_val_loss":0.5009963220596313}