{"final_val_loss":0.5613692635536194,"_timestamp":1.7470953677390568e+09,"final_train_loss":0.05117929206192493,"final_train_acc":0.982675,"train_loss":0.026762199122458696,"test_acc":0.8938,"_step":101,"_wandb":{"runtime":584},"optimization_metric":0.5613692635536194,"test_loss":0.598075371170044,"epoch":99,"train_time":583.1513705253601,"_runtime":584.952772725,"train_acc":0.990675,"final_val_acc":0.8833}