{"epoch":99,"optimization_metric":0.7100919310569763,"_wandb":{"runtime":421},"final_val_acc":0.7575,"final_train_loss":0.5502483378410339,"final_train_acc":0.806975,"_timestamp":1.747079713246974e+09,"_step":101,"final_val_loss":0.7100919310569763,"test_acc":0.7813,"train_loss":0.5656046167016029,"train_acc":0.802625,"test_loss":0.6497833423614502,"train_time":420.0915176868439,"_runtime":421.957570458}