{"final_val_loss":0.7434025044441224,"train_acc":0.9302,"_wandb":{"runtime":1546},"final_train_loss":0.3855226791858673,"train_loss":0.19749079123139382,"test_loss":0.7479502569198608,"test_acc":0.8067,"_runtime":1546.142567859,"_timestamp":1.7471916871500876e+09,"epoch":99,"optimization_metric":0.7434025044441224,"_step":101,"final_train_acc":0.8744,"train_time":1543.599169254303,"final_val_acc":0.7935}