{"epoch":99,"_wandb":{"runtime":351},"test_acc":0.7904,"final_val_acc":0.7588,"final_val_loss":0.7128655385971069,"_step":101,"train_acc":0.810325,"final_train_acc":0.818175,"_runtime":351.395705505,"optimization_metric":0.7128655385971069,"train_loss":0.5409328371286393,"_timestamp":1.7470750027411413e+09,"final_train_loss":0.5224983835220337,"train_time":349.5580699443817,"test_loss":0.6311063912391662}