{"final_train_acc":0.967525,"final_train_loss":0.09375332434177398,"final_val_acc":0.8686,"test_loss":0.5555976001739502,"_timestamp":1.7471034829800823e+09,"_runtime":570.333434686,"train_loss":0.07599633634090423,"epoch":99,"optimization_metric":0.5573162693023682,"train_time":568.565242767334,"final_val_loss":0.5573162693023682,"train_acc":0.97415,"test_acc":0.877,"_step":101,"_wandb":{"runtime":570}}