{"_timestamp":1.7470994358861442e+09,"test_acc":0.8553,"train_acc":0.9653,"train_loss":0.10037624202668667,"final_train_acc":0.963375,"test_loss":0.5808963284492493,"final_val_acc":0.8505,"epoch":99,"optimization_metric":0.5761419085502625,"final_val_loss":0.5761419085502625,"_runtime":572.744873681,"_wandb":{"runtime":572},"train_time":570.8828644752502,"_step":101,"final_train_loss":0.1016163480758667}