{"optimization_metric":9.88051751029859e+09,"test_reward":-9.88051751029859e+09,"train_reward":-1.0164747449095215e+10,"final_train_loss":6.02809222733248e+14,"train_time":4415.441056966782,"_timestamp":1.7471013271938422e+09,"mean_reward":-1.0164747449095215e+10,"_wandb":{"runtime":4416},"_runtime":4416.00801043,"_step":101,"epoch":99}