{"_runtime":18485.888065652,"final_train_perplexity":99.3139929765593,"test_loss":6.4593101418314,"train_perplexity":127.23899382775893,"val_perplexity":604.0242125016779,"test_perplexity":638.6203471104325,"val_loss":6.4036142840546635,"optimization_metric":604.0242125016779,"_wandb":{"runtime":18485},"final_train_loss":4.59828647730222,"_step":101,"train_loss":4.846067159177239,"epoch":99,"train_time":18444.16674375534,"_timestamp":1.7471326827300103e+09}