{"test_acc":0.3215,"_runtime":35.838609044,"final_val_loss":1.9291031490325927,"train_time":34.081531047821045,"optimization_metric":1.9291031490325927,"_wandb":{"runtime":35},"_timestamp":1.7470633007958896e+09,"final_train_loss":1.91794146194458,"train_loss":1.9290247455596923,"final_train_acc":0.3213,"test_loss":1.894128712463379,"train_acc":0.318525,"epoch":9,"_step":11,"final_val_acc":0.3229}