{"test_loss":0.6393262550354004,"optimization_metric":0.7301585982322693,"final_train_loss":0.5290527834892272,"test_acc":0.7895,"train_acc":0.813475,"_runtime":343.254135644,"epoch":99,"train_loss":0.5348350577056408,"final_val_loss":0.7301585982322693,"_timestamp":1.7470711452478993e+09,"final_val_acc":0.7543,"train_time":341.49104046821594,"_wandb":{"runtime":343},"_step":101,"final_train_acc":0.81445}