{"optimization_metric":0.5784566671371459,"test_acc":0.8669,"_step":101,"final_val_loss":0.5784566671371459,"_wandb":{"runtime":575},"epoch":99,"final_val_acc":0.856,"_timestamp":1.747104061823046e+09,"final_train_loss":0.07851031303405762,"_runtime":575.863501694,"train_time":574.0517604351044,"test_loss":0.5862218475341797,"final_train_acc":0.97195,"train_loss":0.07268045991659164,"train_acc":0.974775}