{"train_acc":0.714075,"train_time":382.65644574165344,"_wandb":{"runtime":384},"final_val_loss":0.8811299382209777,"test_acc":0.7351,"train_loss":0.8297270268201828,"_step":101,"_timestamp":1.7470746492737002e+09,"_runtime":384.571903306,"epoch":99,"optimization_metric":0.8811299382209777,"final_val_acc":0.6963,"final_train_acc":0.718,"final_train_loss":0.8157648515701293,"test_loss":0.7842853882789612}