{"optimization_metric":3.3514434374719917,"final_train_loss":-5.036300301551819,"train_reward":-2.069158342418755,"epoch":99,"_timestamp":1.7471149454409564e+09,"mean_reward":-2.069158342418755,"_step":101,"_wandb":{"runtime":4623},"test_reward":-3.3514434374719917,"train_time":4622.701257228851,"_runtime":4623.313413037}