{"train_loss":0.44069107845425604,"train_time":561.530321598053,"final_train_loss":0.614817684173584,"train_acc":0.849425,"test_acc":0.7425,"final_val_acc":0.7356,"final_val_loss":0.8012959287643433,"_timestamp":1.7472711765310364e+09,"final_train_acc":0.781325,"_runtime":563.345997336,"optimization_metric":0.8012959287643433,"epoch":99,"_step":101,"test_loss":0.8130494274139405,"_wandb":{"runtime":563}}