{"_step":101,"_runtime":575.641737584,"final_train_acc":0.957275,"test_loss":0.6281140189170837,"final_val_acc":0.837,"test_acc":0.8459,"_timestamp":1.7470936176190135e+09,"train_time":573.4124007225037,"optimization_metric":0.608749338054657,"train_loss":0.09806542433798313,"epoch":99,"final_train_loss":0.11999486401081086,"train_acc":0.9654,"final_val_loss":0.608749338054657,"_wandb":{"runtime":575}}