{"_step":101,"_runtime":348.456190661,"train_time":346.3925533294678,"final_val_acc":0.5736,"train_loss":1.197319546341896,"final_val_loss":1.2118991067886353,"_wandb":{"runtime":348},"final_train_loss":1.1937677549362182,"_timestamp":1.7470658932309072e+09,"optimization_metric":1.2118991067886353,"train_acc":0.58315,"test_acc":0.6137,"test_loss":1.1081529140472413,"final_train_acc":0.579725,"epoch":99}