{"optimization_metric":2.9612471924234156,"_step":101,"mean_reward":-2.5011832373526874,"train_reward":-2.5011832373526874,"epoch":99,"_runtime":4475.63096429,"_wandb":{"runtime":4475},"_timestamp":1.7471058144417498e+09,"final_train_loss":-5.796912431716919,"test_reward":-2.9612471924234156,"train_time":4474.884952545166}