{"_runtime":388.588758211,"final_val_acc":0.7594,"optimization_metric":0.7230426468849183,"final_train_acc":0.8112,"final_val_loss":0.7230426468849183,"test_loss":0.6569628340721131,"train_acc":0.805925,"_wandb":{"runtime":388},"final_train_loss":0.5356054911613465,"test_acc":0.7808,"train_time":386.8242552280426,"epoch":99,"_timestamp":1.7470788729351716e+09,"_step":101,"train_loss":0.5494087994098663}