{"train_time":324.5863826274872,"_wandb":{"runtime":326},"final_val_loss":0.7276545894622802,"optimization_metric":0.7276545894622802,"epoch":99,"train_acc":0.804025,"_step":101,"final_val_acc":0.7545,"test_acc":0.7828,"_runtime":326.399820079,"final_train_acc":0.805675,"final_train_loss":0.5541888722419739,"train_loss":0.560114049911499,"_timestamp":1.7470780800880744e+09,"test_loss":0.6638980834960938}