{"final_train_acc":0.977725,"test_loss":0.5664789835929871,"_wandb":{"runtime":569},"train_acc":0.982075,"test_acc":0.8765,"optimization_metric":0.5601814021587371,"train_loss":0.050238236458972095,"_step":101,"_timestamp":1.7471092892881954e+09,"final_val_acc":0.8711,"train_time":567.613107919693,"_runtime":569.562475812,"epoch":99,"final_train_loss":0.062357978096604344,"final_val_loss":0.5601814021587371}