{"epoch":99,"final_val_acc":0.7477,"final_val_loss":0.7235884156227111,"_wandb":{"runtime":570},"test_acc":0.7626,"final_train_loss":0.5983125670433045,"train_time":569.0513789653778,"train_acc":0.7918,"optimization_metric":0.7235884156227111,"_step":101,"train_loss":0.6019553497433663,"_timestamp":1.7471081310331469e+09,"final_train_acc":0.79225,"_runtime":570.910800382,"test_loss":0.6890761508941651}