{"final_val_loss":0.618532788848877,"test_loss":0.5979818402290344,"epoch":99,"train_acc":0.851725,"optimization_metric":0.618532788848877,"_runtime":584.510559052,"train_time":582.6063258647919,"_timestamp":1.747104649334414e+09,"final_val_acc":0.7895,"final_train_loss":0.428896964263916,"test_acc":0.7991,"_wandb":{"runtime":584},"_step":101,"train_loss":0.43091884851455686,"final_train_acc":0.852025}