{"_runtime":34.534833896,"_step":41,"vadam_eta_0.01_max_eigenvalue":73.16169738769531,"_wandb":{"runtime":35},"step":99,"adam_eta_0.01_max_eigenvalue":0.24124060571193695,"adam_eta_0.01_theoretical_bound":3800,"_timestamp":1.747154216112704e+09}