{"final_val_loss":0.7949556319236756,"train_acc":0.766075,"_step":101,"train_time":352.46049308776855,"epoch":99,"_wandb":{"runtime":354},"final_train_loss":0.6700981503486634,"test_loss":0.6969452812194824,"_runtime":354.229069278,"train_loss":0.6733944460749626,"optimization_metric":0.7949556319236756,"final_val_acc":0.7305,"final_train_acc":0.76595,"test_acc":0.7608,"_timestamp":1.7470676006729236e+09}