{"test_acc":0.708,"_step":101,"final_val_loss":0.8916014686584472,"optimization_metric":0.8916014686584472,"_timestamp":1.7472700413198001e+09,"final_train_loss":0.8146410559654236,"final_val_acc":0.6884,"epoch":99,"test_loss":0.8420458506584168,"train_time":556.8018815517426,"_runtime":558.614061194,"train_acc":0.723375,"_wandb":{"runtime":558},"final_train_acc":0.71455,"train_loss":0.7946419224143029}