{"train_acc":0.982225,"final_val_acc":0.8623,"_runtime":571.04012599,"test_loss":0.6857608451843261,"final_train_loss":0.09463202147483826,"final_val_loss":0.6320839347839355,"final_train_acc":0.967925,"_step":101,"epoch":99,"_timestamp":1.7471069742902768e+09,"test_acc":0.8651,"train_time":569.2138216495514,"_wandb":{"runtime":571},"train_loss":0.04985963711515069,"optimization_metric":0.6320839347839355}