{"final_val_acc":0.8804,"_runtime":571.767776523,"_wandb":{"runtime":571},"final_train_loss":0.08170967180728912,"final_train_acc":0.97395,"optimization_metric":0.6093376708030701,"epoch":99,"_step":101,"test_loss":0.6371022124290466,"train_time":569.9916226863861,"test_acc":0.8847,"_timestamp":1.7471087078052568e+09,"final_val_loss":0.6093376708030701,"train_acc":0.985375,"train_loss":0.04054920529015362}