{"max_hessian_eigenvalue_at_epoch_start":335.315673828125,"_timestamp":1.7471589385540273e+09,"max_hessian_eigenvalue_post_training":316.74481201171875,"_wandb":{"runtime":526},"_runtime":526.298838196,"_step":20,"epoch":20,"training_loss":0.4276649088275676}