{"final_train_acc":0.9579,"optimization_metric":0.6581392664909362,"test_acc":0.8615,"train_loss":0.06296886298805475,"test_loss":0.6686988296508789,"_step":101,"final_train_loss":0.11947276076078416,"_runtime":574.754649043,"final_val_loss":0.6581392664909362,"_timestamp":1.7471011801445067e+09,"final_val_acc":0.8526,"epoch":99,"train_acc":0.978425,"_wandb":{"runtime":574},"train_time":572.944310426712}