{"epoch":99,"_runtime":974.537554482,"test_loss":0.6275302647590637,"train_loss":0.07373504852876067,"_timestamp":1.7470820612763495e+09,"final_val_loss":0.5884666359901428,"final_train_loss":0.10204314070940018,"_step":101,"final_train_acc":0.9635,"train_time":972.6409981250763,"_wandb":{"runtime":974},"optimization_metric":0.5884666359901428,"test_acc":0.8648,"train_acc":0.97375,"final_val_acc":0.8612}