{"final_val_loss":0.5779256317138672,"_wandb":{"runtime":570},"optimization_metric":0.5779256317138672,"train_acc":0.964175,"test_loss":0.5818484988212586,"train_loss":0.10336853880435229,"_timestamp":1.7471029106338181e+09,"final_train_loss":0.10214404173493385,"train_time":568.8155591487885,"_runtime":570.641463845,"epoch":99,"final_train_acc":0.96435,"test_acc":0.8509,"final_val_acc":0.8452,"_step":101}