{"epoch":99,"final_train_acc":0.977525,"final_val_loss":0.5223769115447998,"test_acc":0.8825,"_timestamp":1.74708597241419e+09,"test_loss":0.5657281419754029,"_step":101,"final_val_acc":0.877,"optimization_metric":0.5223769115447998,"final_train_loss":0.06325528954267502,"_runtime":969.258223968,"train_loss":0.08038059715181589,"train_acc":0.97155,"_wandb":{"runtime":969},"train_time":967.4135119915009}