{"test_loss":0.765860728263855,"optimization_metric":0.8482360679626465,"final_train_loss":0.7083338748931884,"_step":101,"final_val_acc":0.7124,"train_acc":0.75505,"test_acc":0.7381,"_timestamp":1.7470739047788298e+09,"epoch":99,"_wandb":{"runtime":340},"final_val_loss":0.8482360679626465,"final_train_acc":0.751125,"train_time":338.2971980571747,"train_loss":0.6983144655823708,"_runtime":340.066270549}