{"final_val_loss":0.8553459416389465,"final_train_loss":0.7522198457717896,"epoch":99,"_step":101,"final_train_acc":0.734725,"train_acc":0.732725,"train_time":326.91143560409546,"_runtime":328.670545719,"_timestamp":1.747070795986457e+09,"final_val_acc":0.7039,"optimization_metric":0.8553459416389465,"test_loss":0.7633499415397644,"train_loss":0.7643822103738784,"_wandb":{"runtime":328},"test_acc":0.7398}