{"mean_reward":-2.1177600764992754,"final_train_loss":-5.068821668624878,"train_reward":-2.1177600764992754,"test_reward":-2.8793892543185233,"optimization_metric":2.8793892543185233,"_step":101,"train_time":4463.841686487198,"_wandb":{"runtime":4464},"_runtime":4464.390075074,"_timestamp":1.7470969054435163e+09,"epoch":99}