{"_runtime":349.247373274,"final_val_loss":0.7756323652267456,"test_acc":0.7667,"train_acc":0.789325,"_wandb":{"runtime":349},"train_time":347.46950507164,"epoch":99,"final_train_loss":0.6033978251457215,"_step":101,"_timestamp":1.747066950639356e+09,"final_val_acc":0.7371,"train_loss":0.5894285246729851,"optimization_metric":0.7756323652267456,"test_loss":0.7010584209442139,"final_train_acc":0.789025}