{"epoch":99,"final_val_acc":0.7325,"train_time":341.67736053466797,"train_acc":0.769775,"optimization_metric":0.7679464367866516,"train_loss":0.6677913844585419,"final_train_acc":0.7735,"test_loss":0.6947238129615784,"_runtime":343.52602606,"test_acc":0.757,"final_train_loss":0.6493519558906555,"_wandb":{"runtime":343},"_step":101,"final_val_loss":0.7679464367866516,"_timestamp":1.7470718413342886e+09}