{"_timestamp":1.7470662352740114e+09,"final_train_loss":0.7159905422210693,"final_val_acc":0.7195,"_wandb":{"runtime":328},"final_train_acc":0.750725,"final_val_loss":0.8124137229919434,"epoch":99,"test_acc":0.7593,"train_loss":0.721415713429451,"train_time":326.56314754486084,"train_acc":0.7515,"optimization_metric":0.8124137229919434,"_step":101,"test_loss":0.7160184032440186,"_runtime":328.528875868}