{"train_loss":0.9018392503261566,"test_loss":0.827433131313324,"test_acc":0.7131,"_runtime":353.038218891,"final_train_loss":0.8500040378570557,"final_val_loss":0.9120218502044678,"_step":101,"final_val_acc":0.6841,"epoch":99,"train_acc":0.684025,"_wandb":{"runtime":353},"train_time":350.9802415370941,"final_train_acc":0.701475,"optimization_metric":0.9120218502044678,"_timestamp":1.7470742627575045e+09}