{"final_val_acc":0.869,"final_train_acc":0.976525,"epoch":99,"_timestamp":1.7470800351028006e+09,"test_loss":0.6012932703018189,"train_acc":0.985175,"final_train_loss":0.0647613279402256,"_wandb":{"runtime":1103},"final_val_loss":0.5796061074256897,"optimization_metric":0.5796061074256897,"train_loss":0.04490891145542264,"train_time":1100.871309518814,"_step":101,"test_acc":0.8762,"_runtime":1103.139344044}