{"_step":101,"_wandb":{"runtime":350},"test_acc":0.7257,"_runtime":350.897576789,"epoch":99,"final_train_acc":0.705175,"train_time":349.04670572280884,"_timestamp":1.747068730406703e+09,"train_loss":0.8576625779271125,"final_train_loss":0.8479802614212036,"optimization_metric":0.9143765454292297,"test_loss":0.8118206744194031,"final_val_acc":0.6873,"train_acc":0.705075,"final_val_loss":0.9143765454292297}