{"final_val_loss":1.2234504709243774,"train_loss":1.2084553033113479,"final_val_acc":0.5697,"_wandb":{"runtime":333},"test_acc":0.6099,"_step":101,"test_loss":1.1201587493896485,"train_acc":0.57945,"final_train_acc":0.575875,"optimization_metric":1.2234504709243774,"final_train_loss":1.206805062866211,"_runtime":333.962727031,"epoch":99,"_timestamp":1.747066229112768e+09,"train_time":332.21502327919006}