{"final_val_loss":1.9650142621994018,"_runtime":324.897656765,"epoch":99,"optimization_metric":1.9650142621994018,"train_time":323.04607582092285,"final_val_acc":0.3074,"train_loss":1.9589553862810134,"_step":101,"test_acc":0.3121,"_wandb":{"runtime":324},"final_train_acc":0.310625,"train_acc":0.312125,"_timestamp":1.747068954587531e+09,"test_loss":1.936993027305603,"final_train_loss":1.9579628299713134}