{"train_perplexity":477.8237889595981,"test_perplexity":670.6303216570988,"epoch":99,"train_loss":6.169242022182226,"optimization_metric":649.5771621994088,"final_train_loss":5.997374647823946,"_runtime":7984.952552213,"val_loss":6.476321631516724,"val_perplexity":649.5771621994088,"train_time":7947.226530790329,"final_train_perplexity":402.3710399272136,"_timestamp":1.7471315444747853e+09,"test_loss":6.5082180487228705,"_step":101,"_wandb":{"runtime":7984}}