{"test_acc":0.8371,"_step":101,"final_val_loss":0.8202984004974365,"final_train_loss":0.22656409507989883,"train_acc":0.983275,"test_loss":0.7993561291694641,"epoch":99,"train_time":1548.0894927978516,"_wandb":{"runtime":1551},"_runtime":1551.34620292,"final_val_acc":0.8259,"final_train_acc":0.92575,"optimization_metric":0.8202984004974365,"_timestamp":1.7471870461106966e+09,"train_loss":0.04756171703338623}