{"_step":11,"test_acc":0.6391,"_runtime":42.105540452,"final_train_loss":1.116779041004181,"final_train_acc":0.60525,"optimization_metric":1.1472761526107789,"_wandb":{"runtime":42},"train_loss":1.1527004346847534,"train_acc":0.59525,"train_time":36.84504151344299,"final_val_acc":0.5995,"test_loss":1.0341179923057555,"final_val_loss":1.1472761526107789,"epoch":9,"_timestamp":1.7470632202286112e+09}