{"final_train_loss":0.12499239838719368,"optimization_metric":0.5773214997768402,"_timestamp":1.7470908485112348e+09,"test_loss":0.5677945840835571,"train_acc":0.965025,"train_time":971.4583895206451,"_wandb":{"runtime":973},"test_acc":0.8676,"epoch":99,"final_train_acc":0.95485,"final_val_acc":0.854,"_runtime":973.279287116,"train_loss":0.09841550216078758,"final_val_loss":0.5773214997768402,"_step":101}