{"_wandb":{"runtime":341},"epoch":99,"train_time":339.4935414791107,"test_acc":0.5197,"final_val_loss":1.454825548362732,"final_val_acc":0.4869,"optimization_metric":1.454825548362732,"train_acc":0.4894,"final_train_acc":0.4875,"_step":101,"train_loss":1.439063909649849,"test_loss":1.3589445770263673,"_timestamp":1.7470777498103714e+09,"final_train_loss":1.437749799346924,"_runtime":341.331397004}