{"_wandb":{"runtime":337},"test_acc":0.4871,"final_train_loss":1.4557340211868286,"test_loss":1.4120503957748414,"_runtime":337.899805084,"train_loss":1.445991227030754,"final_val_acc":0.4588,"final_train_acc":0.46715,"final_val_loss":1.4924683807373047,"optimization_metric":1.4924683807373047,"_timestamp":1.7470665791318307e+09,"train_acc":0.469075,"_step":101,"train_time":336.12496972084045,"epoch":99}