{"_timestamp":1.747270609280003e+09,"test_loss":0.806258382987976,"_step":101,"train_time":562.2170321941376,"final_train_acc":0.740375,"final_val_loss":0.8417688885688782,"final_train_loss":0.7396654231071472,"train_loss":0.682333393394947,"optimization_metric":0.8417688885688782,"_wandb":{"runtime":564},"epoch":99,"_runtime":564.023981219,"final_val_acc":0.7089,"test_acc":0.7246,"train_acc":0.764025}