{"train_acc":0.764025,"_timestamp":1.7470679509656281e+09,"final_train_loss":0.6769555953979493,"train_loss":0.6823321014642716,"_runtime":338.291304259,"final_val_acc":0.7266,"_step":101,"_wandb":{"runtime":338},"train_time":336.2925922870636,"test_loss":0.6913748081207275,"optimization_metric":0.7996985235214233,"epoch":99,"final_val_loss":0.7996985235214233,"test_acc":0.7644,"final_train_acc":0.7636}