{"max_hessian_eigenvalue_at_epoch_start":0.10137823224067688,"_timestamp":1.747155954046367e+09,"_runtime":124.252860042,"_step":20,"max_hessian_eigenvalue_post_training":0.09972938150167465,"_wandb":{"runtime":124},"epoch":20,"training_loss":2.3033870065303717}