{"train_time":580.3234531879425,"test_loss":0.8010304739952088,"final_val_acc":0.7001,"_wandb":{"runtime":582},"optimization_metric":0.853027428150177,"final_train_acc":0.73085,"_timestamp":1.747105235461926e+09,"epoch":99,"final_train_loss":0.7729806232452393,"test_acc":0.7204,"train_loss":0.779340746998787,"_step":101,"train_acc":0.7292,"_runtime":582.168197558,"final_val_loss":0.853027428150177}