{"optimization_metric":1.075769674873352,"test_loss":0.99803262424469,"_step":101,"train_acc":0.641475,"final_train_acc":0.640375,"_runtime":328.16610016,"final_val_acc":0.6203,"_wandb":{"runtime":328},"final_val_loss":1.075769674873352,"epoch":99,"train_loss":1.00789053440094,"final_train_loss":1.0123697439193726,"test_acc":0.6499,"train_time":326.41577529907227,"_timestamp":1.7470763561284804e+09}