{"final_val_acc":0.7272,"_step":101,"_runtime":364.52116571,"optimization_metric":0.8032267691612244,"_timestamp":1.7470676617545865e+09,"train_time":362.72407960891724,"train_loss":0.7231170415878296,"test_loss":0.7122000091552735,"final_train_acc":0.7558,"test_acc":0.7548,"_wandb":{"runtime":364},"train_acc":0.752575,"final_train_loss":0.6990457759857178,"final_val_loss":0.8032267691612244,"epoch":99}