{"_wandb":{"runtime":975},"_runtime":975.536350901,"_step":101,"optimization_metric":0.5456065328598022,"final_train_loss":0.08417468950003386,"final_train_acc":0.96995,"train_acc":0.971575,"test_loss":0.603108517074585,"final_val_acc":0.8701,"test_acc":0.8742,"_timestamp":1.74708695303383e+09,"train_loss":0.08171691223978997,"epoch":99,"train_time":973.7137916088104,"final_val_loss":0.5456065328598022}