{"train_acc":0.78955,"_runtime":418.236375026,"final_train_acc":0.7936,"final_val_acc":0.7494,"epoch":99,"test_loss":0.6690691366195679,"final_val_loss":0.7320846314430237,"optimization_metric":0.7320846314430237,"train_time":416.3271050453186,"_timestamp":1.7470801353877246e+09,"test_acc":0.7731,"_step":101,"train_loss":0.6063306957483292,"_wandb":{"runtime":418},"final_train_loss":0.5853501145362854}