{"train_loss":0.5625525251030922,"test_acc":0.7806,"_runtime":347.059231059,"final_val_loss":0.7264114800453186,"_wandb":{"runtime":347},"_step":101,"final_train_loss":0.5495515391349792,"_timestamp":1.7470701290101104e+09,"train_acc":0.80285,"final_train_acc":0.8077,"train_time":345.17781925201416,"epoch":99,"final_val_acc":0.7626,"optimization_metric":0.7264114800453186,"test_loss":0.6652522344589233}