{"_timestamp":1.7472672093023365e+09,"train_loss":1.0807029455900192,"test_acc":0.6293,"train_time":567.1144063472748,"optimization_metric":1.1085115140914916,"final_train_loss":1.0787939749717712,"final_train_acc":0.619075,"train_acc":0.6171,"final_val_loss":1.1085115140914916,"_runtime":569.018054796,"final_val_acc":0.6063,"test_loss":1.0468636165618896,"_wandb":{"runtime":569},"_step":101,"epoch":99}