{"final_train_loss":0.8831451098442078,"epoch":9,"optimization_metric":0.9374848012924194,"train_time":34.652945041656494,"_timestamp":1.7470632610432687e+09,"test_loss":0.8287398108482361,"_runtime":36.694769257,"final_val_loss":0.9374848012924194,"final_train_acc":0.690425,"test_acc":0.7134,"_step":11,"train_acc":0.68045,"final_val_acc":0.6731,"_wandb":{"runtime":36},"train_loss":0.9147047911643982}