{"_runtime":1164.790227913,"test_acc":0.8392,"optimization_metric":0.5945233009338379,"final_val_loss":0.5945233009338379,"epoch":99,"train_loss":0.1400503309443593,"_timestamp":1.74708822526824e+09,"final_val_acc":0.831,"train_time":1162.8669395446777,"_wandb":{"runtime":1164},"train_acc":0.952,"_step":101,"final_train_acc":0.937525,"test_loss":0.5882901491165161,"final_train_loss":0.17055287635326385}