{"_wandb":{"runtime":1164},"_step":101,"final_train_acc":0.9809,"test_loss":0.4940652665138245,"_runtime":1164.122941679,"train_loss":0.07258260054513813,"test_acc":0.8882,"train_time":1162.2882025241852,"final_val_acc":0.8833,"_timestamp":1.7470894015086446e+09,"optimization_metric":0.5055204917907715,"train_acc":0.975425,"epoch":99,"final_val_loss":0.5055204917907715,"final_train_loss":0.05398086643368006}