{"_runtime":1176.001702797,"test_acc":0.8202,"final_val_loss":0.5857363297462463,"_wandb":{"runtime":1176},"final_train_loss":0.3068934811115265,"train_loss":0.2977430999279022,"_timestamp":1.7470858882626631e+09,"final_train_acc":0.8936,"optimization_metric":0.5857363297462463,"test_loss":0.5623702580451966,"train_time":1174.150842666626,"final_val_acc":0.8084,"epoch":99,"train_acc":0.897325,"_step":101}