{"train_loss":0.48592107370495796,"test_acc":0.7873,"train_time":574.660638332367,"final_train_loss":0.4883168064594269,"_step":101,"final_val_acc":0.7724,"_timestamp":1.7471017603236294e+09,"final_val_loss":0.6541798966407776,"train_acc":0.8332,"epoch":99,"_wandb":{"runtime":576},"test_loss":0.632670240688324,"final_train_acc":0.83245,"optimization_metric":0.6541798966407776,"_runtime":576.876924388}