{"final_val_loss":1.1101441778182983,"train_acc":0.967125,"_step":101,"test_loss":1.0833396932601929,"final_train_acc":0.8355,"train_loss":0.10284294877201319,"train_time":563.830769777298,"_runtime":565.894701496,"test_acc":0.7785,"final_train_loss":0.637032406616211,"_timestamp":1.7472660596195374e+09,"epoch":99,"_wandb":{"runtime":565},"final_val_acc":0.7612,"optimization_metric":1.1101441778182983}