{"optimization_metric":4.264720866394043,"_timestamp":1.74726890790101e+09,"final_val_acc":0.474,"_step":101,"final_train_acc":0.4916,"_wandb":{"runtime":556},"train_time":554.4755070209503,"final_val_loss":4.264720866394043,"_runtime":556.303088211,"epoch":99,"test_acc":0.4864,"final_train_loss":4.135341589355469,"test_loss":4.210636975097656,"train_acc":0.909775,"train_loss":0.26581944823265075}