{"_step":101,"final_train_loss":0.5297531469345093,"train_time":328.99490785598755,"optimization_metric":0.7187717087745666,"_runtime":330.807948351,"train_acc":0.8139,"epoch":99,"final_val_loss":0.7187717087745666,"_wandb":{"runtime":330},"final_train_acc":0.8144,"test_loss":0.6479338349342346,"train_loss":0.5321413055062294,"final_val_acc":0.7563,"_timestamp":1.747069290558767e+09,"test_acc":0.7849}