{"train_time":1166.035091161728,"_runtime":1167.926098523,"test_loss":0.7042616374969483,"train_loss":0.04638852677308023,"optimization_metric":0.718190936756134,"final_train_loss":0.11946915291398763,"final_train_acc":0.963975,"epoch":99,"_step":101,"final_val_loss":0.718190936756134,"train_acc":0.984125,"test_acc":0.8685,"_wandb":{"runtime":1167},"final_val_acc":0.8601,"_timestamp":1.7470835301388686e+09}