{"_step":101,"optimization_metric":0.8740014914512634,"test_acc":0.738,"train_loss":0.7931862801313401,"train_time":345.8622648715973,"final_val_loss":0.8740014914512634,"_timestamp":1.7470714958894856e+09,"final_val_acc":0.7021,"train_acc":0.7225,"_wandb":{"runtime":347},"_runtime":347.701820774,"final_train_acc":0.725425,"epoch":99,"test_loss":0.778607691192627,"final_train_loss":0.7799304342269897}