{"train_time":1178.037828207016,"_timestamp":1.7470799034778895e+09,"_step":101,"train_acc":0.979375,"train_loss":0.060502829030156136,"final_train_loss":0.1259328427553177,"test_loss":0.631378891468048,"final_val_loss":0.6401020977020264,"test_acc":0.8701,"_wandb":{"runtime":1180},"final_val_acc":0.8608,"final_train_acc":0.958825,"_runtime":1180.300519291,"optimization_metric":0.6401020977020264,"epoch":99}