{"optimization_metric":0.8096649432182312,"train_acc":0.8323,"test_acc":0.7354,"test_loss":0.81542841796875,"_timestamp":1.7472666364744983e+09,"_wandb":{"runtime":573},"final_train_loss":0.6435956532478333,"_runtime":573.971672653,"_step":101,"final_val_loss":0.8096649432182312,"epoch":99,"final_train_acc":0.77025,"train_loss":0.4850986450910568,"train_time":572.0486159324646,"final_val_acc":0.7239}