{"final_train_loss":0.5383153902053833,"_step":101,"_timestamp":1.7470988602834427e+09,"test_loss":0.6579859294891357,"_runtime":570.340643607,"train_acc":0.81585,"optimization_metric":0.6859147094726562,"final_train_acc":0.814825,"final_val_loss":0.6859147094726562,"train_loss":0.5371539577841759,"test_acc":0.7766,"final_val_acc":0.7614,"epoch":99,"_wandb":{"runtime":570},"train_time":568.5947735309601}