{"_wandb":{"runtime":556},"train_time":555.8106873035431,"test_reward":-1.3947899534161192,"epoch":99,"train_reward":-1.2842079865638556,"_timestamp":1.7470745923701982e+09,"mean_reward":-1.2842079865638556,"_runtime":556.619226494,"_step":101,"final_train_loss":-5.322413206100464,"optimization_metric":1.3947899534161192}