{"train_time":1541.038075208664,"_wandb":{"runtime":1543},"final_val_loss":0.761378954410553,"train_loss":0.08936377596110105,"optimization_metric":0.761378954410553,"_timestamp":1.747182361309501e+09,"final_val_acc":0.8214,"final_train_loss":0.2630528039932251,"train_acc":0.969525,"test_loss":0.8011834010124207,"test_acc":0.8221,"_runtime":1543.65522795,"_step":101,"final_train_acc":0.909275,"epoch":99}