{"train_time":960.1965825557709,"test_acc":0.8789,"_step":101,"epoch":99,"_runtime":962.145636594,"final_train_acc":0.976625,"train_loss":0.04246693043969572,"final_val_loss":0.5810078941345215,"_timestamp":1.7470850012774768e+09,"optimization_metric":0.5810078941345215,"final_val_acc":0.8731,"test_loss":0.6310264267921448,"train_acc":0.984675,"final_train_loss":0.06743680054843426,"_wandb":{"runtime":962}}