{"final_val_acc":0.8712,"_timestamp":1.7471023340727682e+09,"train_loss":0.06046877750195563,"final_train_loss":0.08095915449112653,"_runtime":567.833438118,"_wandb":{"runtime":567},"_step":101,"final_train_acc":0.97215,"train_time":566.0820825099945,"final_val_loss":0.579366999721527,"epoch":99,"train_acc":0.978775,"optimization_metric":0.579366999721527,"test_acc":0.879,"test_loss":0.5898195014953613}