{"train_acc":0.670675,"train_loss":0.9326360732316971,"_step":101,"test_acc":0.6711,"_timestamp":1.7470767023903449e+09,"_runtime":334.326598766,"train_time":332.582843542099,"optimization_metric":1.0039698682785034,"final_val_loss":1.0039698682785034,"final_train_loss":0.94818746509552,"final_val_acc":0.6452,"test_loss":0.9354811548233032,"final_train_acc":0.664375,"epoch":99,"_wandb":{"runtime":334}}