{"optimization_metric":1.1238428705215453,"test_acc":0.6257,"final_val_acc":0.6015,"_runtime":1166.202347867,"final_val_loss":1.1238428705215453,"_timestamp":1.7470847003138182e+09,"train_loss":1.0999426573514939,"test_loss":1.0580268829345703,"epoch":99,"_step":101,"train_time":1164.416068315506,"train_acc":0.6107,"final_train_loss":1.0964810546875,"_wandb":{"runtime":1166},"final_train_acc":0.612225}