{"_wandb":{"runtime":1561},"epoch":99,"final_val_loss":0.6258689692497253,"train_loss":0.38159205839037896,"optimization_metric":0.6258689692497253,"final_train_loss":0.44057515277862547,"final_val_acc":0.7876,"test_loss":0.6203975432395935,"test_acc":0.7951,"_runtime":1561.755009978,"train_time":1558.68416762352,"_timestamp":1.7471854888052301e+09,"_step":101,"final_train_acc":0.8457,"train_acc":0.86845}