{"test_loss":0.8276522745132446,"final_val_acc":0.6737,"final_train_acc":0.69775,"train_acc":0.6982,"_runtime":336.206447784,"optimization_metric":0.9227638889312744,"_step":101,"train_loss":0.8612441629171371,"test_acc":0.7091,"train_time":334.4415247440338,"_timestamp":1.7470721894832795e+09,"epoch":99,"final_val_loss":0.9227638889312744,"final_train_loss":0.8518152019500732,"_wandb":{"runtime":336}}