{"val_loss":6.333044376169385,"val_perplexity":562.8675687186885,"_runtime":19171.63119105,"final_train_perplexity":168.0824720087521,"_timestamp":1.7470949411024783e+09,"_step":101,"train_loss":5.422663153689873,"_wandb":{"runtime":19171},"final_train_loss":5.124454763762911,"epoch":99,"optimization_metric":562.8675687186885,"test_loss":6.378971820412862,"test_perplexity":589.3214677467256,"train_perplexity":226.48147504327656,"train_time":19134.035999774933}