{
  "ADAM": {
    "params": {
      "model": "PPOPolicy",
      "dataset": "HalfCheetah",
      "dataset_size": "small",
      "device": "cuda",
      "batch_size": 128,
      "hidden_dim": 256,
      "embed_dim": 300,
      "max_seq_len": 256,
      "epochs": 30,
      "gamma": 0.99,
      "entropy_coef": 0.05,
      "eps_clip": 0.2,
      "lr": 0.01,
      "adam_beta1": 0.9,
      "adam_beta2": 0.999,
      "adam_eps": 1e-08,
      "adam_weight_decay": 1e-08,
      "vadam_eta": 0.01,
      "vadam_beta1": 0.9,
      "vadam_beta2": 0.999,
      "vadam_beta3": 1.0,
      "vadam_eps": 1e-08,
      "vadam_weight_decay": 1e-08,
      "vadam_power": 2,
      "vadam_normgrad": false,
      "vadam_lr_cutoff": 19,
      "optimizer": "ADAM",
      "beta1": 0.9,
      "beta2": 0.999,
      "eps": 1e-08,
      "weight_decay": 1e-08,
      "seed": 0
    },
    "train_losses": [
      33.4700268805027,
      72.04517669975758,
      97.21212330460548,
      42.020146399736404,
      28.234459817409515,
      24.58086410164833,
      95.5095781981945,
      18.579528123140335,
      78.05208736658096,
      71.88830426335335,
      104.84444028139114,
      66.10914924740791,
      67.83332312107086,
      49.03058663010597,
      69.39638060331345,
      123.58143797516823,
      96.2887692451477,
      126.77024644613266,
      61.601595401763916,
      28.610029578208923,
      50.478260427713394,
      103.04463958740234,
      60.09363555908203,
      68.04958695173264,
      26.674077033996582,
      41.73716160655022,
      42.4333613216877,
      21.772438317537308,
      29.115586906671524,
      63.64251673221588
    ],
    "train_accs": [],
    "val_losses": [],
    "val_accs": [],
    "train_perplexities": [],
    "val_perplexities": [],
    "final_train_loss": 63.64251673221588,
    "final_train_acc": -575.355809575778,
    "final_train_perplexity": null,
    "test_loss": 0.0,
    "test_acc": -538.2047477022447,
    "test_perplexity": null,
    "train_time": 1491.9090871810913,
    "mean_rewards": [
      -19.996553097700776,
      -1274.5265460320138,
      -720.9101376112039,
      -30.854961954870966,
      407.5226749950294,
      -19.00647026143337,
      86.21973291479196,
      208.2250619550989,
      453.04146323438783,
      187.96306062465686,
      365.3631606442022,
      294.06712834050376,
      262.67089383785094,
      917.3466887135153,
      463.9227632729353,
      434.91310891630656,
      368.6337356080115,
      -1446.389736479778,
      -790.4935325663819,
      -699.0549977899445,
      251.70249716831182,
      340.96613483980957,
      -583.7875894739625,
      -249.73753647968323,
      -410.8259201135032,
      -249.0727847413729,
      -426.51172847922805,
      -756.0404980098095,
      -236.3058290603371,
      -575.355809575778
    ],
    "policy_losses": [
      -0.29605206847190857,
      -0.19030456244945526,
      -0.08202037215232849,
      -0.3484906852245331,
      -0.27587419748306274,
      -0.23464950919151306,
      0.045329540967941284,
      0.32042625546455383,
      0.060327112674713135,
      -0.014672726392745972,
      0.0409429669380188,
      -0.3075377643108368,
      -0.29363763332366943,
      0.07988396286964417,
      -0.3609970211982727,
      0.23030272126197815,
      -0.5062594413757324,
      -0.2290974259376526,
      -0.30335378646850586,
      1.0654300451278687,
      0.053249746561050415,
      0.8511199951171875,
      10.731109619140625,
      0.0394245982170105,
      3.115565299987793,
      0.1875133216381073,
      0.24227550625801086,
      0.23254039883613586,
      0.15314450860023499,
      0.8880459070205688
    ],
    "value_losses": [
      33.76607894897461,
      72.23548126220703,
      97.29414367675781,
      42.36863708496094,
      28.510334014892578,
      24.815513610839844,
      95.46424865722656,
      18.25910186767578,
      77.99176025390625,
      71.9029769897461,
      104.80349731445312,
      66.41668701171875,
      68.12696075439453,
      48.95070266723633,
      69.75737762451172,
      123.35113525390625,
      96.79502868652344,
      126.99934387207031,
      61.90494918823242,
      27.544599533081055,
      50.425010681152344,
      102.19351959228516,
      49.362525939941406,
      68.01016235351562,
      23.55851173400879,
      41.54964828491211,
      42.19108581542969,
      21.539897918701172,
      28.96244239807129,
      62.75447082519531
    ]
  },
  "VADAM": {
    "params": {
      "model": "PPOPolicy",
      "dataset": "HalfCheetah",
      "dataset_size": "small",
      "device": "cuda",
      "batch_size": 128,
      "hidden_dim": 256,
      "embed_dim": 300,
      "max_seq_len": 256,
      "epochs": 30,
      "gamma": 0.99,
      "entropy_coef": 0.05,
      "eps_clip": 0.2,
      "lr": 0.01,
      "adam_beta1": 0.9,
      "adam_beta2": 0.999,
      "adam_eps": 1e-08,
      "adam_weight_decay": 1e-08,
      "vadam_eta": 0.01,
      "vadam_beta1": 0.9,
      "vadam_beta2": 0.999,
      "vadam_beta3": 1.0,
      "vadam_eps": 1e-08,
      "vadam_weight_decay": 1e-08,
      "vadam_power": 2,
      "vadam_normgrad": false,
      "vadam_lr_cutoff": 19,
      "optimizer": "VADAM",
      "eta": 0.01,
      "beta1": 0.9,
      "beta2": 0.999,
      "beta3": 1.0,
      "eps": 1e-08,
      "weight_decay": 1e-08,
      "power": 2,
      "normgrad": false,
      "lr_cutoff": 19,
      "seed": 0
    },
    "train_losses": [
      15.047133564949036,
      32.70292350649834,
      71.43217968940735,
      40.3578322827816,
      27.507682889699936,
      42.19221505522728,
      72.80185341835022,
      43.01109862327576,
      39.20361775159836,
      28.056049197912216,
      37.439372062683105,
      65.03942260146141,
      46.57806661725044,
      39.56586965918541,
      32.35336211323738,
      28.87624016404152,
      23.63367959856987,
      62.7125383913517,
      64.07142385840416,
      51.47773742675781,
      41.306106209754944,
      48.50760865211487,
      55.745554596185684,
      29.586527109146118,
      41.053938150405884,
      40.18703377246857,
      36.56217905879021,
      52.202629804611206,
      48.19888487458229,
      37.97000217437744
    ],
    "train_accs": [],
    "val_losses": [],
    "val_accs": [],
    "train_perplexities": [],
    "val_perplexities": [],
    "final_train_loss": 37.97000217437744,
    "final_train_acc": -602.5893677589545,
    "final_train_perplexity": null,
    "test_loss": 0.0,
    "test_acc": -602.5916787785904,
    "test_perplexity": null,
    "train_time": 1713.7041795253754,
    "mean_rewards": [
      -687.4500017849449,
      -152.5893727251018,
      129.40491738232453,
      -595.8917874489568,
      -600.7154403397972,
      -510.28210607860655,
      -602.3043530220917,
      -602.9146763488609,
      -602.2053294779728,
      -487.2087479949381,
      -124.56559397158443,
      -599.9542613332198,
      -602.6777687112608,
      -602.7316980378998,
      -602.5428743790865,
      -602.4283443616869,
      -602.7427053806339,
      -602.5305949093478,
      -603.2642677085116,
      -603.5000525962099,
      -602.7861291803735,
      -602.9184199599206,
      -602.4193357986904,
      -602.4326131554677,
      -603.0532099910557,
      -603.1197032363026,
      -602.7218666487231,
      -602.5096767637363,
      -602.6400522813542,
      -602.5893677589545
    ],