{
  "ADAM": {
    "params": {
      "model": "PPOPolicy",
      "dataset": "HalfCheetah",
      "dataset_size": "small",
      "device": "cuda",
      "batch_size": 64,
      "hidden_dim": 128,
      "embed_dim": 300,
      "max_seq_len": 256,
      "epochs": 10,
      "gamma": 0.99,
      "entropy_coef": 0.01,
      "eps_clip": 0.2,
      "lr": 0.01,
      "adam_beta1": 0.9,
      "adam_beta2": 0.999,
      "adam_eps": 1e-08,
      "adam_weight_decay": 0,
      "vadam_eta": 0.01,
      "vadam_beta1": 0.9,
      "vadam_beta2": 0.999,
      "vadam_beta3": 1.0,
      "vadam_eps": 1e-08,
      "vadam_weight_decay": 0,
      "vadam_power": 2,
      "vadam_normgrad": false,
      "vadam_lr_cutoff": 19,
      "optimizer": "ADAM",
      "beta1": 0.9,
      "beta2": 0.999,
      "eps": 1e-08,
      "weight_decay": 0,
      "seed": 0
    },
    "train_losses": [
      41.21015040576458,
      42.13691967725754,
      34.30553059279919,
      13.350715041160583,
      37.90739107131958,
      49.23518234491348,
      34.859395265579224,
      21.340706542134285,
      58.87605473399162,
      83.97846329212189
    ],
    "train_accs": [],
    "val_losses": [],
    "val_accs": [],
    "train_perplexities": [],
    "val_perplexities": [],
    "final_train_loss": 83.97846329212189,
    "final_train_acc": -91.76410281362948,
    "final_train_perplexity": null,
    "test_loss": 0.0,
    "test_acc": 297.0318726504897,
    "test_perplexity": null,
    "train_time": 572.4671337604523,
    "mean_rewards": [
      -4.7155142843751205,
      -352.91348928707896,
      83.44404162366381,
      -427.3666699302565,
      181.3145601185947,
      -512.2116767113982,
      -484.4464503480757,
      -251.94768834097226,
      134.38470547178713,
      -91.76410281362948
    ],
    "policy_losses": [
      -0.24971134960651398,
      0.30520886182785034,
      0.06631092727184296,
      1.0652259588241577,
      2.640568256378174,
      0.8914781212806702,
      0.8826687335968018,
      0.0638854056596756,
      -0.08226969838142395,
      0.2550441026687622
    ],
    "value_losses": [
      41.459861755371094,
      41.83171081542969,
      34.239219665527344,
      12.285489082336426,
      35.266822814941406,
      48.34370422363281,
      33.97672653198242,
      21.27682113647461,
      58.95832443237305,
      83.72341918945312
    ]
  },
  "VADAM": {
    "params": {
      "model": "PPOPolicy",
      "dataset": "HalfCheetah",
      "dataset_size": "small",
      "device": "cuda",
      "batch_size": 64,
      "hidden_dim": 128,
      "embed_dim": 300,
      "max_seq_len": 256,
      "epochs": 10,
      "gamma": 0.99,
      "entropy_coef": 0.01,
      "eps_clip": 0.2,
      "lr": 0.01,
      "adam_beta1": 0.9,
      "adam_beta2": 0.999,
      "adam_eps": 1e-08,
      "adam_weight_decay": 0,
      "vadam_eta": 0.01,
      "vadam_beta1": 0.9,
      "vadam_beta2": 0.999,
      "vadam_beta3": 1.0,
      "vadam_eps": 1e-08,
      "vadam_weight_decay": 0,
      "vadam_power": 2,
      "vadam_normgrad": false,
      "vadam_lr_cutoff": 19,
      "optimizer": "VADAM",
      "eta": 0.01,
      "beta1": 0.9,
      "beta2": 0.999,
      "beta3": 1.0,
      "eps": 1e-08,
      "weight_decay": 0,
      "power": 2,
      "normgrad": false,
      "lr_cutoff": 19,
      "seed": 0
    },
    "train_losses": [
      30.89403624087572,
      31.556277558207512,
      30.475089728832245,
      43.54332293570042,
      26.291669636964798,
      50.006343975663185,
      87.59708536416292,
      52.57084798812866,
      25.233452275395393,
      63.49693012237549
    ],
    "train_accs": [],
    "val_losses": [],
    "val_accs": [],
    "train_perplexities": [],
    "val_perplexities": [],
    "final_train_loss": 63.49693012237549,
    "final_train_acc": -195.69281808094885,
    "final_train_perplexity": null,
    "test_loss": 0.0,
    "test_acc": -196.24899625509113,
    "test_perplexity": null,
    "train_time": 613.6728222370148,
    "mean_rewards": [
      -1.7195654303622576,
      -19.568057948885713,
      -28.460879090853744,
      -28.454427105672284,
      -63.09367994372546,
      -49.58634772354001,
      -24.840462485401225,
      -252.3534034184035,
      -191.51305644850177,
      -195.69281808094885
    ],
    "policy_losses": [
      0.008076615631580353,
      0.04103021323680878,
      0.3184944987297058,
      -0.15120373666286469,
      0.09433534741401672,
      0.05299009382724762,
      0.008050329983234406,
      0.2612013816833496,
      0.11779256165027618,
      4.905930519104004
    ],
    "value_losses": [
      30.88595962524414,
      31.515247344970703,
      30.15659523010254,
      43.69452667236328,
      26.19733428955078,
      49.95335388183594,
      87.58903503417969,
      52.30964660644531,
      25.115659713745117,
      58.590999603271484
    ]
  }
}