{
  "ADAM": {
    "params": {
      "model": "TransformerModel",
      "device": "mps",
      "dataset": "WikiText2",
      "dataset_size": "large",
      "batch_size": 32,
      "max_seq_len": 128,
      "embed_dim": 256,
      "hidden_dim": 512,
      "lr": 0.001,
      "epochs": 3,
      "beta1": 0.9,
      "beta2": 0.999,
      "eps": 1e-08,
      "weight_decay": 0,
      "eta": 0.001,
      "beta3": 0.8,
      "power": 2,
      "normgrad": true,
      "lr_cutoff": 15,
      "optimizer": "ADAM"
    },
    "train_losses": [
      6.223140941958298,
      2.7370302172522734,
      0.7454895105970746
    ],
    "train_accs": [],
    "val_losses": [
      4.71773183028822,
      0.9461831978979828,
      0.6130723224898983
    ],
    "val_accs": [],
    "train_perplexities": [
      504.2846760060016,
      15.441060342210973,
      2.107472812799858
    ],
    "val_perplexities": [
      111.91412434651434,
      2.575859327594655,
      1.846094492529799
    ],
    "final_train_loss": 0.14219292305874082,
    "final_train_acc": null,
    "final_train_perplexity": 1.1527990285999052,
    "test_loss": 0.7125046139178068,
    "test_acc": null,
    "test_perplexity": 2.0390920064974294,
    "train_time": 1121.8983778953552
  },
  "VADAM": {
    "params": {
      "model": "TransformerModel",
      "device": "mps",
      "dataset": "WikiText2",
      "dataset_size": "large",
      "batch_size": 32,
      "max_seq_len": 128,
      "embed_dim": 256,
      "hidden_dim": 512,
      "lr": 0.001,
      "epochs": 3,
      "beta1": 0.9,
      "beta2": 0.999,
      "eps": 1e-08,
      "weight_decay": 0,
      "eta": 0.001,
      "beta3": 0.8,
      "power": 2,
      "normgrad": true,
      "lr_cutoff": 15,
      "optimizer": "VADAM"
    },
    "train_losses": [
      6.3218227314521975,
      4.7761655820091145,
      4.611004207657787
    ],
    "train_accs": [],
    "val_losses": [
      4.675030391340311,
      3.979565107753511,
      3.8931454278141087
    ],
    "val_accs": [],
    "train_perplexities": [
      556.5865762836775,
      118.64852864558218,
      100.58510727167162
    ],
    "val_perplexities": [
      107.23582608300569,
      53.493765144389194,
      49.06497439571373
    ],
    "final_train_loss": 3.257758821310047,
    "final_train_acc": null,
    "final_train_perplexity": 25.991220848019296,
    "test_loss": 3.9292891176765226,
    "test_acc": null,
    "test_perplexity": 50.870801658601444,
    "train_time": 56371.7442240715
  }
}