{"epoch":99,"optimization_metric":0.6645102046012878,"final_val_loss":0.6645102046012878,"final_train_acc":0.826925,"final_val_acc":0.7686,"train_acc":0.82815,"train_loss":0.5007683008909225,"_wandb":{"runtime":1267},"_runtime":1267.216882191,"final_train_loss":0.5036352431297302,"test_acc":0.7848,"test_loss":0.6403000069618225,"_step":101,"train_time":1265.3660531044006,"_timestamp":1.7470811766264966e+09}