{"final_val_acc":0.7718,"_timestamp":1.7470976979403565e+09,"train_time":574.1002671718597,"final_val_loss":0.6638273669242859,"epoch":99,"optimization_metric":0.6638273669242859,"_runtime":575.883061232,"final_train_acc":0.824275,"train_acc":0.824975,"final_train_loss":0.5111917242050171,"test_acc":0.7845,"train_loss":0.5102096132934093,"_step":101,"test_loss":0.6394781319618225,"_wandb":{"runtime":575}}