{"_step":101,"final_train_acc":0.743075,"test_loss":1.557182269668579,"optimization_metric":1.4705027187347413,"train_acc":0.930275,"_timestamp":1.747269476843559e+09,"train_time":565.2532377243042,"_wandb":{"runtime":567},"epoch":99,"train_loss":0.19599820151925088,"_runtime":567.047423798,"test_acc":0.6933,"final_val_acc":0.6922,"final_train_loss":1.0489073506355286,"final_val_loss":1.4705027187347413}