{"epoch":99,"_wandb":{"runtime":347},"optimization_metric":0.729324684715271,"train_acc":0.806275,"final_val_acc":0.7575,"_timestamp":1.7470683766007805e+09,"test_acc":0.7733,"final_train_loss":0.5574803644180298,"_runtime":347.431573501,"train_time":345.6445188522339,"final_val_loss":0.729324684715271,"test_loss":0.6740193019866944,"train_loss":0.5480563476681709,"final_train_acc":0.802425,"_step":101}