{"train_time":1536.2549238204956,"_step":101,"final_val_acc":0.4024,"test_loss":1.6637351278305055,"test_acc":0.4152,"final_train_loss":1.6975882261276245,"train_acc":0.3999,"epoch":99,"final_val_loss":1.701424080467224,"final_train_acc":0.399525,"_timestamp":1.747179259206887e+09,"_runtime":1540.004861475,"_wandb":{"runtime":1540},"train_loss":1.6977283090353013,"optimization_metric":1.701424080467224}