{"test_loss":0.6160986969947815,"test_acc":0.7967,"final_train_loss":0.4628768071651459,"train_time":1531.5035302639008,"epoch":99,"_runtime":1534.321471913,"train_acc":0.857075,"_wandb":{"runtime":1534},"train_loss":0.4166650712490082,"final_val_acc":0.786,"optimization_metric":0.6270834617614746,"final_train_acc":0.838875,"_timestamp":1.747190139028073e+09,"_step":101,"final_val_loss":0.6270834617614746}