{"_wandb":{"runtime":333},"_step":101,"optimization_metric":0.7376948679924011,"train_time":331.56390261650085,"final_train_acc":0.805375,"final_val_acc":0.7506,"final_train_loss":0.5553517751693725,"_timestamp":1.7470690687150333e+09,"train_loss":0.5523145735263825,"final_val_loss":0.7376948679924011,"test_loss":0.6732929832458496,"_runtime":333.366489496,"test_acc":0.779,"epoch":99,"train_acc":0.805025}