{"test_acc":0.732,"train_acc":0.79315,"_wandb":{"runtime":560},"train_loss":0.5967613935470581,"final_train_acc":0.756275,"final_val_acc":0.7166,"test_loss":0.7953339550971985,"_timestamp":1.7472683486275735e+09,"optimization_metric":0.8182135441780091,"final_val_loss":0.8182135441780091,"train_time":558.5066618919373,"_runtime":560.269203874,"final_train_loss":0.6920104887962342,"epoch":99,"_step":101}