{"test_loss":6.4647760460730925,"_runtime":19248.728886751,"test_perplexity":642.1205419250304,"_timestamp":1.7471141949957142e+09,"final_train_loss":6.025172701719654,"_step":101,"final_train_perplexity":413.7130848148956,"train_loss":6.060983028859902,"epoch":99,"_wandb":{"runtime":19248},"train_time":19210.29713368416,"val_loss":6.443313030175686,"train_perplexity":428.79674932382085,"optimization_metric":628.4855460145797,"val_perplexity":628.4855460145797}