{"_wandb":{"runtime":964},"final_val_acc":0.8525,"test_loss":0.6374838416099549,"test_acc":0.8567,"_runtime":964.276533843,"train_time":962.4242482185364,"train_loss":0.09841820206493139,"final_val_loss":0.6032772626876831,"final_train_acc":0.958225,"train_acc":0.96465,"final_train_loss":0.12058570156097412,"epoch":99,"_step":101,"optimization_metric":0.6032772626876831,"_timestamp":1.7470888984315305e+09}