{"_timestamp":1.747094192393439e+09,"_step":101,"_wandb":{"runtime":571},"train_time":569.5977516174316,"train_acc":0.8916,"final_train_loss":0.3261252681732178,"test_acc":0.8162,"final_val_loss":0.5769000590324402,"test_loss":0.5593838664054871,"_runtime":571.52271267,"final_train_acc":0.88715,"train_loss":0.32248269468545915,"epoch":99,"final_val_acc":0.8099,"optimization_metric":0.5769000590324402}