{"final_train_loss":0.6847766134262085,"_timestamp":1.7470735588196974e+09,"test_loss":0.6999191855430603,"final_train_acc":0.76305,"final_val_loss":0.7831719582557678,"train_time":332.82269072532654,"_step":101,"final_val_acc":0.7289,"epoch":99,"train_loss":0.707744163274765,"_wandb":{"runtime":334},"_runtime":334.590995169,"test_acc":0.7609,"train_acc":0.752575,"optimization_metric":0.7831719582557678}