{"_timestamp":1.747089873174971e+09,"_wandb":{"runtime":968},"test_loss":0.5587456550598144,"_step":101,"final_train_loss":0.09395547545850277,"epoch":99,"final_val_acc":0.8669,"train_acc":0.96805,"_runtime":968.860465491,"train_loss":0.09256711872294546,"final_val_loss":0.5474893926620483,"final_train_acc":0.966975,"optimization_metric":0.5474893926620483,"test_acc":0.8743,"train_time":966.9355137348175}