{"train_loss":0.0833697086200118,"final_train_acc":0.940975,"_runtime":576.480943956,"final_val_acc":0.8376,"_wandb":{"runtime":576},"_timestamp":1.7471063913406272e+09,"optimization_metric":0.6605035815238952,"train_time":574.7281053066254,"final_train_loss":0.1727503491163254,"_step":101,"test_acc":0.8508,"test_loss":0.6813467732429505,"final_val_loss":0.6605035815238952,"epoch":99,"train_acc":0.97075}