{"_step":101,"test_reward":-3.4585053227730844,"optimization_metric":3.4585053227730844,"mean_reward":-3.2395908814264613,"epoch":99,"train_reward":-3.2395908814264613,"_timestamp":1.7471103173325284e+09,"final_train_loss":-1.2299213409423828,"train_time":4498.6139960289,"_wandb":{"runtime":4499},"_runtime":4499.262059641}