{"final_val_acc":0.8814,"train_loss":0.06536894049495459,"train_acc":0.976875,"_runtime":569.481808863,"final_val_loss":0.5260943583488464,"optimization_metric":0.5260943583488464,"_step":101,"final_train_loss":0.06548228754401207,"_timestamp":1.7471058109411168e+09,"final_train_acc":0.976475,"test_acc":0.8833,"train_time":567.7350301742554,"epoch":99,"test_loss":0.5570255378723145,"_wandb":{"runtime":569}}