{"_runtime":340.654149318,"train_acc":0.749675,"_wandb":{"runtime":340},"train_loss":0.7179706946015358,"train_time":338.9048686027527,"final_train_acc":0.75505,"test_loss":0.7131127415657044,"epoch":99,"optimization_metric":0.7887209400177002,"_step":101,"test_acc":0.7521,"_timestamp":1.7470728739510965e+09,"final_val_acc":0.7262,"final_val_loss":0.7887209400177002,"final_train_loss":0.699881024646759}