{"optimization_metric":0.5320609777450561,"_runtime":580.508738202,"_step":101,"train_time":578.6297283172607,"_wandb":{"runtime":580},"train_loss":0.10251633189618588,"_timestamp":1.7470930380450714e+09,"final_train_loss":0.11511463634967804,"train_acc":0.964325,"test_acc":0.8771,"final_val_acc":0.8744,"test_loss":0.551988383769989,"final_train_acc":0.9599,"epoch":99,"final_val_loss":0.5320609777450561}