{"_wandb":{"runtime":1163},"final_train_acc":0.972625,"_step":101,"final_train_loss":0.08414329025745391,"test_acc":0.8874,"train_acc":0.97855,"test_loss":0.5667639656066894,"optimization_metric":0.562227274799347,"train_loss":0.06067811851389706,"_timestamp":1.7470870565110815e+09,"final_val_acc":0.8836,"train_time":1161.3740611076355,"_runtime":1163.246975654,"final_val_loss":0.562227274799347,"epoch":99}