{"final_train_loss":0.6430490327835083,"_step":101,"_runtime":353.614103145,"_wandb":{"runtime":353},"final_val_loss":0.7556081711769104,"train_time":351.8142035007477,"test_loss":0.690211579322815,"_timestamp":1.7470680272845173e+09,"final_val_acc":0.7387,"train_loss":0.6574956774711609,"optimization_metric":0.7556081711769104,"epoch":99,"test_acc":0.7664,"train_acc":0.77375,"final_train_acc":0.77545}