{"_step":101,"_wandb":{"runtime":16214},"test_perplexity":1782.5807162405674,"train_time":16178.02031159401,"final_train_perplexity":1601.7843684673276,"train_perplexity":1490.2068754865277,"val_loss":7.448878865405956,"epoch":99,"_runtime":16214.890032245,"test_loss":7.485817433866629,"val_perplexity":1717.9360277875746,"_timestamp":1.74714890951313e+09,"train_loss":7.30667023191017,"final_train_loss":7.378873517112615,"optimization_metric":1717.9360277875746}