{"final_val_loss":0.7091277965545655,"test_loss":0.6557293525695801,"test_acc":0.7792,"_timestamp":1.7470725303652554e+09,"train_acc":0.792525,"final_train_loss":0.5647786167144775,"_wandb":{"runtime":336},"_runtime":336.953772701,"epoch":99,"final_val_acc":0.7531,"final_train_acc":0.802525,"optimization_metric":0.7091277965545655,"_step":101,"train_loss":0.5914046540856361,"train_time":335.1495635509491}