{"_runtime":571.597762759,"_wandb":{"runtime":571},"test_loss":0.5828635300636291,"epoch":99,"_timestamp":1.7470918647853558e+09,"optimization_metric":0.5729071403503418,"train_time":569.8302910327911,"test_acc":0.8852,"_step":101,"train_loss":0.06321598766371608,"final_train_loss":0.07717516130208969,"train_acc":0.978675,"final_val_acc":0.8779,"final_val_loss":0.5729071403503418,"final_train_acc":0.9736}