{"final_val_loss":1.0040656904220582,"_timestamp":1.747100022571229e+09,"final_val_acc":0.6455,"final_train_acc":0.664175,"optimization_metric":1.0040656904220582,"train_loss":0.9634458467364311,"train_acc":0.661375,"_wandb":{"runtime":574},"test_loss":0.9370320050239563,"train_time":572.9503748416901,"epoch":99,"final_train_loss":0.9573843018531799,"_step":101,"_runtime":574.686089364,"test_acc":0.6752}