{"epoch":99,"train_time":700.7588493824005,"_step":101,"final_val_loss":0.48363687052726745,"train_loss":0.06984501769766212,"_timestamp":1.747091290199361e+09,"final_val_acc":0.8797,"final_train_acc":0.97315,"_runtime":702.761549082,"final_train_loss":0.07493010857701302,"test_acc":0.8855,"test_loss":0.490956907081604,"_wandb":{"runtime":702},"train_acc":0.977375,"optimization_metric":0.48363687052726745}