{"final_train_acc":0.7135,"_wandb":{"runtime":331},"final_val_acc":0.6858,"test_acc":0.7268,"train_time":329.65645956993103,"optimization_metric":0.8962369071006775,"final_val_loss":0.8962369071006775,"_step":101,"final_train_loss":0.8167848627090454,"_runtime":331.496464406,"_timestamp":1.7470704633526244e+09,"test_loss":0.7935195566177368,"epoch":99,"train_acc":0.71125,"train_loss":0.8240442529320717}