{"test_loss":0.5784349992752075,"_wandb":{"runtime":1170},"epoch":99,"train_acc":0.98465,"final_train_acc":0.98325,"_timestamp":1.7470823592798474e+09,"final_train_loss":0.04868728864490986,"final_val_loss":0.5962118517875672,"train_time":1168.7578756809235,"final_val_acc":0.8832,"_step":101,"optimization_metric":0.5962118517875672,"test_acc":0.8903,"train_loss":0.04342008722014725,"_runtime":1170.684029649}