{"train_time":340.6285626888275,"final_train_loss":1.2076738151550293,"_timestamp":1.7470669245150034e+09,"train_loss":1.2115975737571716,"final_val_loss":1.2249150762557983,"test_loss":1.1237924947738647,"_runtime":342.469427943,"optimization_metric":1.2249150762557983,"_step":101,"final_val_acc":0.5689,"final_train_acc":0.574975,"_wandb":{"runtime":342},"train_acc":0.5771,"epoch":99,"test_acc":0.6073}