{"final_val_loss":0.9082666933059692,"train_acc":0.721725,"final_train_loss":0.8085717273712159,"final_val_acc":0.6936,"train_time":347.46145510673523,"_timestamp":1.7470770575700984e+09,"optimization_metric":0.9082666933059692,"final_train_acc":0.71835,"_runtime":349.212451532,"test_loss":0.822108119392395,"train_loss":0.7770552515983582,"_step":101,"test_acc":0.7197,"_wandb":{"runtime":349},"epoch":99}