{"final_val_acc":0.75,"final_val_loss":0.709951884174347,"train_loss":0.5706261292099952,"train_time":394.42683124542236,"_timestamp":1.747078479352567e+09,"final_train_loss":0.5478099868774414,"final_train_acc":0.80715,"epoch":99,"train_acc":0.8011,"_runtime":396.150715904,"optimization_metric":0.709951884174347,"_wandb":{"runtime":396},"_step":101,"test_acc":0.7834,"test_loss":0.6395295002937317}