{"final_train_acc":0.95745,"final_train_loss":0.11895541361570358,"_runtime":583.218197304,"final_val_loss":0.5940444497108459,"train_loss":0.10546545665711164,"epoch":99,"train_time":581.3582525253296,"train_acc":0.96385,"_step":101,"test_acc":0.8474,"test_loss":0.5863038327217102,"_timestamp":1.7470982841131308e+09,"_wandb":{"runtime":583},"optimization_metric":0.5940444497108459,"final_val_acc":0.8378}