{"train_loss":0.032773080514743924,"epoch":99,"final_train_loss":0.05159837467670441,"optimization_metric":0.5474813451766968,"final_val_acc":0.8809,"final_val_loss":0.5474813451766968,"_runtime":581.191293287,"test_loss":0.5707376739501954,"train_acc":0.988075,"_wandb":{"runtime":581},"test_acc":0.8891,"_timestamp":1.7470971201132e+09,"train_time":579.333238363266,"_step":101,"final_train_acc":0.981875}