{"final_train_acc":0.764525,"epoch":99,"final_val_acc":0.733,"optimization_metric":0.7771370195388794,"test_loss":0.6956306348800659,"test_acc":0.7605,"final_val_loss":0.7771370195388794,"train_loss":0.6990990191698074,"_timestamp":1.7470792892758636e+09,"final_train_loss":0.6717841413497925,"_wandb":{"runtime":413},"_runtime":413.309652826,"train_time":411.1985230445862,"_step":101,"train_acc":0.759675}