{"final_val_acc":0.5533,"train_loss":1.2827121198177338,"_wandb":{"runtime":38},"epoch":9,"_runtime":38.509342284,"final_train_acc":0.555075,"train_acc":0.548325,"test_acc":0.5929,"_step":11,"final_train_loss":1.2627213861465454,"test_loss":1.165912825012207,"optimization_metric":1.2787531131744385,"final_val_loss":1.2787531131744385,"_timestamp":1.7470646107064884e+09,"train_time":36.46259951591492}