{"_timestamp":1.7470810806998165e+09,"final_val_loss":0.7907938856124878,"optimization_metric":0.7907938856124878,"train_time":1041.6516196727753,"_runtime":1043.64305028,"epoch":99,"_wandb":{"runtime":1043},"train_loss":0.6983502671122551,"test_loss":0.7484285245895386,"final_val_acc":0.7225,"_step":101,"final_train_acc":0.759125,"test_acc":0.7381,"final_train_loss":0.6927273819923401,"train_acc":0.758925}