{"_wandb":{"runtime":331},"_timestamp":1.7470682857745693e+09,"train_time":329.96195578575134,"optimization_metric":1.3158471561431884,"test_loss":1.208714883995056,"epoch":99,"final_train_loss":1.3008004835128784,"_step":101,"_runtime":331.874560066,"test_acc":0.5774,"final_val_loss":1.3158471561431884,"final_val_acc":0.5379,"train_loss":1.3030320703983307,"train_acc":0.5443,"final_train_acc":0.54105}