{"train_acc":0.981725,"final_val_loss":0.5628164086341858,"final_val_acc":0.8765,"optimization_metric":0.5628164086341858,"_timestamp":1.747084027231406e+09,"test_acc":0.8842,"final_train_loss":0.06275733669996261,"epoch":99,"final_train_acc":0.977175,"test_loss":0.5801470254898071,"train_loss":0.051269511505961415,"train_time":970.2875456809998,"_wandb":{"runtime":972},"_step":101,"_runtime":972.517092343}