{"epoch":99,"optimization_metric":1985.057654615562,"_step":101,"final_train_loss":230.86943817138672,"test_reward":-1985.057654615562,"_runtime":4424.088168982,"mean_reward":-1979.198275419927,"_wandb":{"runtime":4424},"train_time":4423.509774446487,"_timestamp":1.7471238112837718e+09,"train_reward":-1979.198275419927}