{"_wandb":{"runtime":574},"test_acc":0.8674,"train_time":572.7812404632568,"final_train_loss":0.12433316290378571,"_runtime":574.602994538,"final_train_acc":0.9584,"_step":101,"optimization_metric":0.6300316020965576,"train_acc":0.9771,"final_val_loss":0.6300316020965576,"train_loss":0.06621398008428514,"_timestamp":1.7470947788725197e+09,"epoch":99,"test_loss":0.6828627853393555,"final_val_acc":0.862}