{"final_val_loss":0.6326899271011353,"test_acc":0.8705,"_step":101,"final_val_acc":0.8667,"final_train_acc":0.9598,"test_loss":0.6898049405097961,"epoch":99,"_timestamp":1.7470924455725324e+09,"final_train_loss":0.12549740355610847,"_runtime":577.618962775,"_wandb":{"runtime":577},"train_acc":0.98185,"train_loss":0.05464380318298936,"optimization_metric":0.6326899271011353,"train_time":575.1754496097565}