{"test_acc":0.8907,"_timestamp":1.7470830427704828e+09,"optimization_metric":0.5482386104583741,"train_acc":0.990425,"final_val_loss":0.5482386104583741,"test_loss":0.5645000128746033,"final_val_acc":0.8838,"_wandb":{"runtime":977},"train_loss":0.029010954266414046,"_step":101,"epoch":99,"final_train_acc":0.987825,"final_train_loss":0.037648707568645474,"train_time":975.6893978118896,"_runtime":977.589733607}