{"final_train_loss":0.48209111080169675,"test_loss":0.6269059665679931,"final_val_loss":0.6503577690124511,"test_acc":0.7885,"train_loss":0.4811360649764538,"_timestamp":1.74709595966846e+09,"train_acc":0.834475,"_wandb":{"runtime":588},"_runtime":588.023495302,"train_time":586.230884552002,"epoch":99,"final_train_acc":0.834525,"optimization_metric":0.6503577690124511,"_step":101,"final_val_acc":0.7753}