{"test_reward":-2.5889135697363153,"mean_reward":-2.7571196024559703,"train_time":4489.031577825546,"_runtime":4489.552265056,"_step":101,"train_reward":-2.7571196024559703,"epoch":99,"_wandb":{"runtime":4489},"final_train_loss":-5.955575466156006,"_timestamp":1.7471099049534118e+09,"optimization_metric":2.5889135697363153}