{"epoch":99,"final_val_acc":0.7138,"final_train_acc":0.746175,"final_train_loss":0.729753513431549,"test_loss":0.7717809086799622,"_wandb":{"runtime":578},"train_loss":0.7363568544387817,"_runtime":578.931785874,"train_acc":0.74505,"train_time":577.100994348526,"_timestamp":1.7471075561681893e+09,"final_val_loss":0.8186881768226624,"_step":101,"optimization_metric":0.8186881768226624,"test_acc":0.7293}