{"_wandb":{"runtime":317},"final_train_acc":0.803975,"final_val_acc":0.7505,"train_loss":0.5462712869048119,"optimization_metric":0.7653908348083496,"_runtime":317.769860195,"_timestamp":1.7470672444968827e+09,"final_train_loss":0.5644274112701416,"_step":101,"test_acc":0.7807,"final_val_loss":0.7653908348083496,"train_acc":0.80545,"epoch":99,"test_loss":0.6758765788078308,"train_time":315.99854254722595}