{"final_train_acc":0.84915,"_runtime":1547.644927898,"test_acc":0.7954,"epoch":99,"_wandb":{"runtime":1547},"optimization_metric":0.6398297854423523,"_timestamp":1.747188599753749e+09,"final_val_acc":0.7876,"train_loss":0.3504019506275654,"train_acc":0.87915,"_step":101,"final_val_loss":0.6398297854423523,"train_time":1544.6425433158875,"test_loss":0.6328153813362122,"final_train_loss":0.4285087884902954}