{"train_time":337.6411612033844,"_runtime":339.411034587,"_timestamp":1.7470732183205686e+09,"test_loss":0.7860680422782897,"final_val_acc":0.6972,"test_acc":0.7356,"_wandb":{"runtime":339},"train_acc":0.71355,"final_val_loss":0.881436205291748,"_step":101,"final_train_loss":0.8107837545394897,"train_loss":0.8293441087007523,"epoch":99,"final_train_acc":0.719775,"optimization_metric":0.881436205291748}