{"final_val_acc":0.7344,"_timestamp":1.747075672237691e+09,"final_train_loss":0.6412008400917053,"train_time":327.82024812698364,"test_loss":0.735111485004425,"epoch":99,"test_acc":0.7593,"train_acc":0.766175,"_wandb":{"runtime":329},"_step":101,"_runtime":329.593064509,"final_train_acc":0.7746,"final_val_loss":0.7881619933128357,"optimization_metric":0.7881619933128357,"train_loss":0.6629509195685387}