{"_runtime":1557.946037371,"train_loss":0.27823886945843695,"_wandb":{"runtime":1557},"_timestamp":1.7471839232410674e+09,"final_val_acc":0.7922,"_step":101,"test_acc":0.8007,"final_val_loss":0.6470543931007385,"epoch":99,"final_train_loss":0.37634087290763857,"train_acc":0.903025,"final_train_acc":0.87005,"test_loss":0.6374386450767517,"optimization_metric":0.6470543931007385,"train_time":1555.286039352417}