{"epoch":99,"_timestamp":1.7470760230340362e+09,"_runtime":345.80210377,"train_time":343.97928285598755,"_step":101,"test_acc":0.7516,"_wandb":{"runtime":345},"train_loss":0.6246431857347489,"final_val_loss":0.8095535108566284,"train_acc":0.7814,"final_train_acc":0.776375,"final_train_loss":0.6426582864761352,"optimization_metric":0.8095535108566284,"final_val_acc":0.7324,"test_loss":0.746078981590271}