{"train_reward":-2.200718958339531,"epoch":99,"test_reward":-2.34442361404941,"mean_reward":-2.200718958339531,"optimization_metric":2.34442361404941,"train_time":2757.2614965438843,"final_train_loss":-4.704923391342163,"_runtime":2757.825516932,"_step":101,"_wandb":{"runtime":2757},"_timestamp":1.747078365826347e+09}