{"final_train_acc":0.9738,"train_acc":0.976425,"_runtime":569.397086275,"test_loss":0.47994918847084045,"final_train_loss":0.07460121542215348,"final_val_acc":0.8784,"train_loss":0.06670902650803327,"test_acc":0.888,"optimization_metric":0.4956505460262299,"_step":101,"final_val_loss":0.4956505460262299,"_timestamp":1.747096535083354e+09,"_wandb":{"runtime":569},"train_time":567.5952594280243,"epoch":99}