{"test_loss":1.0161981021881104,"final_val_acc":0.612,"epoch":99,"train_time":333.7623920440674,"final_train_acc":0.6254,"_timestamp":1.7470672923132508e+09,"optimization_metric":1.0938478094100952,"_runtime":335.77853755,"final_val_loss":1.0938478094100952,"final_train_loss":1.0525920223236085,"train_loss":1.0732167199254037,"_step":101,"_wandb":{"runtime":335},"train_acc":0.617925,"test_acc":0.6411}