{"mean_reward":-2.488809631073863,"_timestamp":1.7471234915697098e+09,"epoch":99,"final_train_loss":-5.701527714729309,"train_reward":-2.488809631073863,"_wandb":{"runtime":4500},"_step":101,"_runtime":4500.61718084,"optimization_metric":2.8476922471421777,"test_reward":-2.8476922471421777,"train_time":4500.021272659302}